,Loss,Error
0,1.1396325,1.1736954
1,0.98857254,1.171023
2,0.95388305,1.3572562
3,0.9396155,1.4691395
4,0.9326711,1.4651276
5,0.9259402,1.4139833
6,0.922632,1.382128
7,0.9342536,1.3919033
8,0.96056366,1.4129423
9,0.98276967,1.4175419
10,0.9953819,1.3389411
11,1.0344065,1.3365887
