,Loss,Error
0,1.159273,1.0574099
1,1.0101075,1.1393846
2,0.9510066,1.2900244
3,0.93395495,1.3941607
4,0.9266513,1.404699
5,0.9241994,1.3304324
6,0.933356,1.2966764
7,0.95460963,1.2877191
8,0.9550723,1.3260146
9,0.9959376,1.3431499
10,1.0248438,1.318707
11,1.0658743,1.3284268
12,1.117798,1.3833855
13,1.1969781,1.3984962
14,1.2601691,1.4259734
15,1.3216306,1.4786628
16,1.384637,1.491022
17,1.4749013,1.5262399
18,1.5965942,1.6625978
19,1.7083943,1.7390684
20,1.659309,1.632229
